-0.26213999999999998414,0.16825799999999999090,-0.22737399999999999278,-0.01126500000000000071,0.33610600000000001586,0.16264500000000001179,-0.02463600000000000165,0.25157800000000002383,-0.26608199999999998520,0.19532800000000000162
0.22823899999999999744,0.18726300000000001278,-0.30514299999999999757,-0.05993799999999999822,-0.12245599999999999541,-0.29294100000000000694,0.18555199999999999472,-0.11161699999999999400,-0.15120300000000000407,0.12427199999999999358
-0.04662399999999999878,0.00679399999999999969,0.12500500000000000500,-0.00172999999999999998,-0.25745600000000001817,0.11237999999999999379,0.09612199999999999911,0.06723099999999999909,0.15088799999999999435,-0.17460600000000001120
-0.49136600000000002497,0.19951599999999999890,0.41127700000000000369,-0.24799399999999999222,-0.14348099999999999743,0.00954400000000000040,0.05719899999999999984,0.26582899999999998197,-0.02689899999999999930,-0.27609800000000001008
0.18399199999999998889,-0.06537099999999999855,-0.03860100000000000336,-0.12934499999999998776,0.11713099999999999901,-0.05970099999999999713,0.18529100000000001125,-0.12054099999999999537,0.02070800000000000071,-0.19677800000000000846
-0.14322899999999999521,-0.14950399999999999801,-0.30091200000000001280,0.17805199999999998806,-0.14847099999999999187,0.19892799999999999372,-0.05645800000000000124,-0.24985599999999999477,-0.12655900000000000483,0.07571400000000000352
-0.16954700000000000326,0.17248399999999999843,0.00454300000000000016,0.17459900000000000420,0.09075800000000000534,-0.18073600000000000776,0.08230899999999999328,-0.10334200000000000330,0.02637300000000000061,-0.18482399999999998830
-0.24046799999999998732,-0.16807300000000000018,0.24402899999999999592,0.00029900000000000000,0.00975299999999999952,-0.09576300000000000090,-0.10555100000000000593,0.23331699999999999662,-0.05773199999999999860,-0.17382000000000000228
0.18341199999999999171,-0.07918200000000000238,0.07599400000000000599,-0.07921000000000000263,-0.23053899999999999393,-0.05740699999999999970,0.11240999999999999603,0.09918100000000000527,0.10043499999999999650,-0.12513199999999999323
0.17201099999999999723,0.15850500000000000700,0.01646399999999999947,-0.25322200000000000264,-0.04144300000000000067,-0.11298099999999999810,0.00417200000000000036,-0.00211800000000000009,0.10709599999999999675,-0.00268600000000000002
-0.13316000000000000059,0.19353000000000000758,-0.19679199999999999471,-0.04454600000000000226,-0.10612299999999999511,-0.00813400000000000060,-0.34917900000000001715,-0.00991900000000000073,-0.03907499999999999862,0.16932700000000000529
-0.15156600000000000628,0.07771799999999999542,0.00166299999999999998,-0.18531200000000000450,0.23923800000000000621,0.25694000000000000172,-0.09139100000000000001,-0.21546299999999998787,-0.27195200000000002705,0.23636899999999999578
0.03422599999999999948,0.20116200000000000747,0.16008800000000000807,0.03101999999999999896,0.01570500000000000021,-0.31941100000000000048,-0.20118199999999999972,-0.10222499999999999643,0.00293200000000000014,-0.01711599999999999927
-0.01962300000000000155,-0.15744800000000000462,-0.17325099999999998834,-0.00941499999999999976,-0.05533099999999999824,-0.01553099999999999967,-0.15253700000000000592,0.12178899999999999448,0.08857099999999999695,-0.03841900000000000176
0.00763500000000000029,0.13428399999999998671,0.28220200000000000840,-0.08346299999999999553,0.04244099999999999956,-0.44143700000000002381,0.07956100000000000672,-0.06561400000000000565,0.19602400000000000380,-0.26029799999999997384
-0.11196000000000000396,-0.12712499999999998801,-0.28709400000000001585,-0.04721299999999999802,-0.12695100000000000828,0.21918999999999999595,-0.11286999999999999811,0.04687800000000000300,0.24504200000000000981,-0.06483700000000000574
-0.05023500000000000187,-0.08467099999999999627,-0.05244000000000000050,-0.14971200000000001173,-0.37155599999999999739,-0.10574500000000000566,0.12327299999999999369,-0.08430200000000000193,0.17704800000000001092,0.42150199999999998779
-0.00185699999999999993,-0.04782900000000000346,-0.09182899999999999396,-0.32667800000000002392,0.31538699999999997292,0.04751799999999999774,-0.27115299999999997738,-0.10347499999999999754,-0.03583499999999999880,0.14585999999999998966
0.24568799999999998973,0.05095399999999999929,-0.19166099999999999803,0.28347899999999998100,-0.11995899999999999619,0.10996200000000000419,0.15953200000000000713,-0.09929499999999999438,-0.29926300000000000123,-0.18595999999999998642
0.28264699999999998159,0.00512299999999999995,0.09124300000000000466,0.02268999999999999836,0.02866000000000000145,-0.21060599999999998766,0.14555399999999998895,-0.02376800000000000093,-0.28271099999999999008,0.14013300000000000756
-0.00673200000000000014,0.25467699999999998672,0.01333299999999999937,-0.26283600000000001407,0.30487100000000000311,-0.07883500000000000230,0.00531400000000000015,-0.13709199999999999164,-0.17862000000000000099,-0.18663399999999999435
-0.33942200000000000149,0.04726899999999999852,-0.16111800000000001121,0.13624400000000000399,0.13470599999999999241,0.05181100000000000289,-0.28826600000000002222,0.07089499999999999968,0.10019100000000000228,0.03217400000000000121
-0.00522900000000000014,0.12223100000000000631,0.16970699999999999674,0.15054999999999998939,-0.04837400000000000033,-0.27508700000000002595,-0.14886099999999999333,-0.17260700000000001042,-0.01936500000000000027,0.12928799999999998627
-0.06659400000000000042,0.10660100000000000131,-0.11438900000000000456,-0.61465000000000002967,0.17318000000000000060,-0.05141899999999999943,-0.04634800000000000031,-0.00784800000000000081,0.04935300000000000104,-0.26202900000000001191
0.17813399999999998680,0.07612399999999999722,-0.16706199999999998829,0.19470299999999998719,-0.33495900000000000674,0.14079500000000000348,-0.08551200000000000467,-0.21981100000000000638,0.08185499999999999721,-0.00155499999999999996
-0.33148600000000000287,0.15568899999999999406,0.12221600000000000519,-0.20212399999999999811,-0.08086400000000000532,0.01046799999999999987,-0.23484599999999999920,-0.14206699999999999884,0.00846900000000000083,-0.04348400000000000182
-0.29437099999999999378,0.20598700000000000343,0.08024399999999999589,0.05172800000000000314,0.31916800000000000725,0.16856499999999999262,0.02298700000000000049,-0.08507399999999999685,-0.00046000000000000001,-0.40891399999999999970
-0.26621000000000000218,-0.10708399999999999863,-0.17157300000000000328,0.08127199999999999702,0.08877799999999999581,-0.15848300000000001275,0.15201600000000001223,0.17673099999999999921,-0.32592999999999999750,0.05027399999999999924
-0.02330700000000000133,0.25496400000000002395,0.07718600000000000461,0.17330200000000001159,-0.33625199999999999534,0.19763000000000000012,0.09914599999999999802,-0.24615999999999998993,-0.00674099999999999960,0.13017799999999998817
0.15056900000000000839,-0.12843299999999999161,-0.02911599999999999952,-0.02526899999999999979,0.07772700000000000442,0.10918400000000000327,-0.08100599999999999468,-0.18311199999999999699,0.08783599999999999741,-0.12923899999999999277
0.16380600000000000716,-0.00459999999999999992,0.01672099999999999975,0.04351599999999999913,-0.18020500000000000407,-0.21069899999999999740,-0.28441800000000000415,0.12509700000000001374,0.00191000000000000002,0.12570999999999998842
-0.09173499999999999710,-0.41186699999999998312,0.32397900000000001697,-0.12664700000000000957,-0.23010900000000000798,0.06535599999999999743,0.25605200000000000182,0.13429699999999999971,-0.26608300000000001395,-0.27238099999999998424
-0.36057600000000000762,-0.03901799999999999713,0.07715500000000000136,0.11681500000000000217,-0.21001800000000001023,-0.09591700000000000226,-0.29573399999999999688,0.10514800000000000535,-0.17859400000000000275,-0.09500100000000000211
-0.24221899999999998987,0.28716399999999997483,-0.09910499999999999865,0.12291900000000000048,0.30286600000000002408,-0.49685200000000001586,0.18548500000000001098,0.03967400000000000093,-0.19256200000000001094,-0.16462599999999999456
0.06704599999999999449,-0.06144100000000000256,0.01916299999999999948,0.06202900000000000080,-0.27142699999999997384,0.02404399999999999940,-0.07986200000000000243,0.04984600000000000142,0.07267500000000000349,-0.09084000000000000408
0.10432800000000000407,-0.08344000000000000028,-0.10706300000000000539,-0.17590700000000000780,0.38670799999999999619,0.18121000000000000996,-0.11487500000000000488,-0.24058399999999999230,0.07651600000000000068,-0.35038700000000000401
0.16293599999999999750,0.17700699999999999767,0.01505899999999999947,-0.21812799999999998857,0.26465899999999997760,-0.02975099999999999967,-0.08186000000000000221,0.16897999999999999132,-0.02491399999999999865,-0.13559199999999999031
-0.19390699999999999603,-0.03303500000000000186,-0.14261499999999999178,-0.07215900000000000092,-0.06358500000000000263,0.13672100000000000919,0.10090499999999999470,0.11034299999999999664,0.02229400000000000132,0.03853199999999999681
0.16474300000000000055,-0.15857299999999999174,0.01508899999999999998,-0.10616499999999999548,-0.13625999999999999224,-0.07055699999999999472,0.05790399999999999714,-0.24033599999999999408,0.13575300000000001255,-0.19789899999999999158
0.19372400000000000730,-0.21479100000000000970,-0.47581400000000001471,-0.19556699999999999084,0.09439799999999999580,0.07453600000000000503,-0.08256800000000000250,-0.01254300000000000033,-0.19500300000000000966,0.16449099999999999833
-0.01614099999999999910,0.12270000000000000351,0.14766299999999998871,-0.04622500000000000220,0.00275900000000000017,-0.11780300000000000493,0.01830899999999999889,0.13291500000000000536,0.07829400000000000248,-0.05672300000000000259
-0.12585699999999999665,0.09959600000000000397,0.13373599999999999377,0.02374300000000000022,0.01893399999999999944,-0.21989500000000000712,-0.02445599999999999857,0.15513699999999999712,-0.06747599999999999432,0.14453799999999999981
-0.18754999999999999449,0.29585699999999998111,0.03461299999999999794,-0.20219200000000001061,-0.04402299999999999963,-0.09641399999999999970,-0.00542700000000000040,0.15356800000000001005,-0.07024299999999999988,-0.13977300000000000835
-0.10817300000000000526,0.14517099999999999449,0.02016700000000000090,0.18696399999999999131,-0.32087799999999999656,0.03547299999999999759,-0.03645700000000000329,0.11219800000000000606,0.05908100000000000157,-0.41592699999999999116
-0.07964100000000000346,0.05830500000000000266,0.10264700000000000213,0.13714100000000001289,0.00477200000000000020,0.16355600000000000693,0.14737900000000001000,-0.21730800000000000116,0.15387200000000000877,-0.08547200000000000630
-0.05309500000000000330,-0.07432999999999999330,-0.20352899999999998770,0.11688500000000000278,-0.22370799999999999019,0.16785800000000000720,0.14058599999999998875,0.17689599999999999769,0.05628099999999999770,-0.06289999999999999758
-0.12293900000000000661,-0.21623400000000000953,-0.32791500000000001203,0.19123100000000001208,-0.32894099999999998341,0.36292400000000002436,0.09531399999999999595,0.17973500000000000587,0.00834999999999999978,0.14771200000000000996
0.01536799999999999972,0.05601199999999999929,0.16416800000000000836,0.23689399999999999347,-0.16624500000000000388,-0.09525999999999999746,-0.15660799999999999721,-0.30263499999999998735,-0.10961799999999999322,0.18270800000000000929
0.10526399999999999646,-0.22466800000000000659,0.09594300000000000050,0.06138500000000000206,-0.14270599999999999952,0.09883200000000000318,-0.13327900000000000857,-0.20625999999999999890,0.05228300000000000308,0.07618199999999999972
0.01878700000000000161,0.12743299999999999073,-0.02865699999999999845,0.12190900000000000347,0.11167199999999999349,-0.38872699999999998921,0.07025399999999999701,0.22438600000000000212,-0.15756000000000000560,0.13971800000000000885
-0.02308899999999999841,0.06491900000000000448,0.00832500000000000080,0.14691299999999998804,-0.19597999999999998755,0.00781800000000000030,-0.25306400000000001116,-0.08151400000000000312,0.07750799999999999357,0.02440499999999999961
0.02126199999999999965,-0.18403700000000000614,-0.00983900000000000052,-0.00023499999999999999,0.12717600000000001126,-0.08081199999999999495,0.02504899999999999835,-0.13087999999999999634,0.15505900000000000238,0.06926899999999999724
-0.07498799999999999910,-0.11645800000000000596,0.07112599999999999478,0.08938000000000000111,0.04313999999999999779,-0.10658900000000000319,0.14664800000000000058,-0.03759300000000000141,0.05718999999999999778,0.10620100000000000373
-0.09315600000000000269,-0.04997800000000000159,0.05035699999999999898,0.09660199999999999343,-0.16641300000000000536,0.12346500000000000530,-0.02600999999999999840,-0.05013600000000000001,0.14790600000000000969,0.09526500000000000246
0.13099500000000000033,0.01680999999999999855,-0.08935200000000000087,0.10058100000000000374,-0.02298100000000000143,0.02513599999999999862,-0.09636500000000000621,0.05471399999999999875,-0.03257899999999999685,-0.16550799999999998846
-0.01650899999999999937,-0.10537799999999999945,-0.24249100000000001209,-0.05544199999999999823,0.08746700000000000308,0.19313500000000000112,-0.11597399999999999376,0.14402000000000000912,0.09500300000000000411,-0.11369200000000000139
-0.22580000000000000071,0.14622499999999999387,0.12372099999999999764,0.15778200000000000558,0.20334900000000000198,0.08585099999999999676,-0.12871099999999999208,-0.04784499999999999864,-0.13785600000000000631,-0.10350600000000000078
-0.12297900000000000498,-0.03094999999999999835,-0.30891099999999999115,-0.33899099999999998678,0.08519400000000000583,0.24984500000000001152,0.11892900000000000693,0.07892299999999999316,0.10950600000000000611,0.21280799999999999716
-0.15152499999999999303,-0.11869300000000000683,-0.17605899999999999328,-0.25044100000000002471,0.05744099999999999900,0.06249600000000000294,0.16040399999999999103,-0.12489999999999999714,-0.01255299999999999992,0.13515399999999999636
-0.40000900000000000345,0.20301500000000000101,0.09130399999999999627,0.25164300000000000557,0.06528599999999999681,0.25571300000000002361,-0.45139099999999998669,-0.27624100000000001431,-0.17351199999999999957,0.00860400000000000054
0.17923400000000000443,-0.07951999999999999347,0.01995699999999999905,0.08126200000000000090,-0.33768199999999998218,0.17763899999999999135,-0.02800700000000000064,0.15337100000000000732,-0.09029399999999999926,0.13792999999999999705
-0.00829000000000000049,0.01099699999999999983,0.05684600000000000070,0.21203400000000000025,0.08644999999999999907,-0.12209599999999999620,0.04825000000000000122,0.14558399999999999119,-0.34123399999999998178,-0.22217899999999998761
-0.18770800000000001373,0.00342699999999999992,-0.18143799999999998818,0.28597800000000000997,-0.29090100000000002067,0.30384400000000000297,-0.12940399999999999125,-0.08424900000000000444,-0.33813199999999998813,0.14131099999999999217
0.15148500000000000854,0.10502200000000000424,0.14620700000000000363,0.15629299999999998749,-0.32202199999999997493,0.10044699999999999462,0.02605400000000000077,-0.19058400000000000341,-0.13410900000000000598,0.07591000000000000525
0.15068400000000001238,0.16645399999999999086,0.06414200000000000457,0.05099399999999999766,0.08634100000000000108,-0.10469699999999999840,-0.09044800000000000062,0.29146300000000002761,0.01270899999999999981,-0.28079700000000001880
-0.09381200000000000649,-0.19820599999999999330,-0.00426300000000000030,0.00207600000000000015,0.00492200000000000016,0.10865199999999999858,-0.13245299999999998741,0.01152500000000000052,0.13056000000000000938,0.04585700000000000193
-0.15319699999999999984,0.12291000000000000536,0.05858100000000000113,-0.26961400000000002031,0.11804299999999999515,-0.19021199999999999219,0.19582600000000000007,0.16421099999999999586,0.00551600000000000007,-0.19152099999999999680
-0.36321599999999998332,-0.29848200000000002508,-0.09792700000000000016,0.05290000000000000258,-0.07753899999999999681,0.12665799999999999281,-0.02188100000000000114,-0.22253999999999998782,0.39900999999999997581,-0.38928200000000001690
-0.38964100000000001511,-0.07698099999999999388,0.20490600000000000480,0.19833799999999998653,-0.39146700000000000941,-0.17332600000000000784,-0.33931099999999997374,0.22405500000000000416,-0.01773399999999999976,-0.56225700000000000678
0.10534200000000000508,0.08502600000000000435,0.12228899999999999493,0.09498099999999999599,-0.00678099999999999970,-0.07750300000000000245,-0.06367499999999999549,-0.13585500000000000353,0.10038700000000000401,-0.04494499999999999884
0.02034899999999999903,0.25044699999999997519,0.19080400000000000138,-0.26110200000000000076,-0.02256400000000000072,0.11586599999999999677,0.17785699999999998733,-0.19759999999999999787,-0.16652600000000000735,-0.13946400000000000463
0.16854199999999999737,0.46435900000000002175,-0.06939099999999999435,-0.38581199999999998829,-0.11471000000000000640,-0.34643000000000001570,0.21302999999999999714,0.20127300000000000746,-0.35482900000000000551,0.04147900000000000198
-0.04466500000000000331,0.06779000000000000303,0.14571999999999998843,-0.12257800000000000640,-0.11719699999999999562,0.15176200000000000800,0.19933699999999998642,0.03571400000000000269,0.01350900000000000017,-0.21864900000000001001
0.02606500000000000136,0.02139599999999999835,0.18503500000000000503,-0.06460499999999999576,-0.38487999999999999989,-0.16967299999999999049,-0.20012599999999999834,0.09050900000000000611,0.01825099999999999986,0.02882099999999999940
-0.28437600000000001765,0.18909500000000001307,0.17284700000000000064,0.08810400000000000176,-0.18699999999999999956,0.15148900000000001254,-0.10855399999999999772,0.11608899999999999775,0.06014900000000000108,-0.12169000000000000650
-0.10437399999999999456,-0.00666899999999999958,0.10862399999999999833,-0.02843499999999999847,0.04573100000000000082,-0.17141700000000001380,-0.07527599999999999569,-0.19966400000000000814,0.17788899999999999157,-0.07822600000000000386
0.13139500000000001179,0.01099400000000000030,0.13536899999999998934,-0.17091400000000001036,0.11339000000000000468,0.08401599999999999346,-0.09929899999999999838,-0.10920399999999999552,-0.16455800000000000982,-0.13594400000000000928
0.02168899999999999995,-0.15476599999999998691,-0.19528599999999998738,-0.17275999999999999690,0.11130600000000000216,0.12991900000000000670,0.04037099999999999717,-0.08501300000000000523,0.01208599999999999952,-0.03323000000000000259
0.22303100000000000702,-0.07231799999999999340,-0.09492699999999999749,-0.15260199999999998766,0.21564200000000000035,0.10982599999999999307,0.18655299999999999661,-0.00054199999999999995,-0.11706900000000000639,0.07522299999999999820
0.09584499999999999964,0.09217599999999999405,0.08410099999999999520,0.06463099999999999401,-0.17456099999999999395,0.10860100000000000309,0.04886599999999999971,-0.28621200000000002195,0.09290900000000000547,-0.19876900000000000124
0.10000299999999999467,-0.07664999999999999591,0.07403800000000000658,0.14874599999999998934,0.04063300000000000245,0.18793399999999998995,0.16910000000000000031,-0.46267200000000002769,-0.18259000000000000230,-0.14071200000000000374
-0.25767499999999998739,-0.32859399999999999720,-0.08969399999999999595,-0.11017799999999999816,0.03438100000000000184,0.21906600000000001072,0.09446400000000000630,-0.32168600000000002748,0.22557299999999999573,0.02447600000000000123
-0.21436800000000000299,0.03352600000000000025,0.09405099999999999572,0.06914900000000000213,0.05985800000000000148,-0.06063299999999999940,-0.38118499999999999606,0.08178000000000000547,0.08618599999999999872,0.16293699999999999850
0.03941100000000000159,0.02674599999999999894,0.34501900000000002011,-0.26897599999999999287,0.19122700000000000808,-0.10618900000000000561,-0.36870000000000002771,-0.18510799999999999477,-0.45388200000000000767,0.18946199999999999153
0.03867199999999999804,-0.21662600000000001299,-0.51507800000000003582,0.14217499999999999583,0.14220099999999999407,0.29207300000000002704,0.05789799999999999808,-0.28134599999999998499,0.01801900000000000029,-0.04220100000000000240
-0.00612899999999999990,0.00066100000000000002,-0.15832099999999998952,0.11335599999999999843,0.01603200000000000111,0.20011999999999999234,0.04637700000000000156,-0.39250899999999999679,0.20514899999999999802,0.17170299999999999452
-0.07018800000000000039,-0.10406400000000000372,0.09410000000000000309,0.13452300000000000368,0.06756500000000000006,-0.14686399999999999455,-0.11933599999999999763,0.03378400000000000153,0.00841599999999999987,-0.07485300000000000287
0.22929800000000000182,0.07964799999999999658,-0.09191299999999999470,0.18610299999999999065,-0.18459999999999998632,0.17801700000000000856,-0.15338599999999999457,0.15407699999999999174,-0.29534599999999999742,0.08879199999999999593
-0.15058299999999999463,-0.14138600000000001167,0.08739900000000000446,0.13717199999999998838,0.12998899999999999344,0.02432700000000000140,0.16476899999999999880,0.08862599999999999645,-0.13583000000000000629,-0.30371300000000001074
-0.34071499999999999009,0.17805299999999998906,-0.16180100000000000038,-0.22326799999999999424,0.23338700000000001111,-0.07069699999999999596,-0.24951799999999998980,0.14367299999999999516,0.05187599999999999850,0.07034200000000000175
0.16569500000000000894,0.22696199999999999708,0.02435000000000000012,-0.23877200000000001201,0.36595699999999997676,-0.14213400000000001033,-0.02679499999999999937,0.29385600000000000609,-0.16438200000000000034,-0.32112299999999999178
-0.16916400000000000881,-0.08814500000000000113,0.27391100000000001558,-0.06712500000000000411,0.20644699999999999163,0.00069600000000000000,-0.22272700000000000831,-0.19127600000000000158,-0.43932399999999999229,0.26439099999999998714
0.06272199999999999998,-0.17643300000000000649,0.04695799999999999974,0.00317600000000000000,-0.47762399999999999300,-0.04968999999999999806,-0.19341200000000000059,0.06381199999999999373,0.01502799999999999969,-0.01274100000000000059
0.07092500000000000193,0.12532199999999998896,0.08806100000000000039,-0.10808700000000000252,0.01265299999999999932,0.02435000000000000012,0.10147200000000000664,-0.20854200000000000514,0.05285900000000000321,0.02233299999999999869
-0.12624599999999999711,0.12138500000000000678,-0.12673799999999998955,0.10845599999999999685,-0.08545999999999999430,0.00433199999999999991,-0.02831799999999999942,0.12733500000000000374,0.01531800000000000002,0.02184200000000000030
0.08572899999999999965,0.18595900000000001318,-0.09832799999999999874,0.07917799999999999838,0.00280500000000000020,0.05300900000000000056,0.10192500000000000171,0.24435599999999998988,-0.17354700000000000681,-0.20697699999999999432
-0.12223599999999999743,0.02638199999999999920,-0.06687800000000000689,0.16971600000000000574,0.06188300000000000051,-0.29100500000000001366,0.07503200000000000147,0.03384800000000000308,-0.15286099999999999688,0.16655200000000000560
-0.17849899999999999101,0.15280499999999999639,0.10643900000000000583,0.11989800000000000457,0.09665300000000000280,-0.09667900000000000105,-0.16692499999999999005,-0.12213699999999999557,-0.05200300000000000061,-0.20041999999999998705
-0.18523300000000000876,0.17387199999999999878,0.13639899999999999247,-0.03521400000000000224,-0.15382899999999999352,-0.00499099999999999978,0.13211600000000001121,-0.19474800000000000444,0.01620900000000000118,0.08296699999999999908
-0.01386399999999999959,-0.18069899999999999851,-0.30960799999999999432,0.01052100000000000084,0.14634900000000000686,0.17683099999999998819,-0.10116799999999999404,0.03212000000000000272,-0.12751699999999999147,0.06110899999999999666
-0.28976600000000002355,0.02070900000000000171,0.01683300000000000074,0.09110799999999999454,0.09678900000000000003,-0.02146999999999999950,0.05362999999999999712,-0.22667100000000001137,0.05687600000000000294,0.00064800000000000003
-0.22667699999999998961,-0.19113399999999999834,-0.10256700000000000539,0.02071699999999999930,-0.56525099999999994793,0.36844700000000002449,0.31954500000000002347,-0.09683500000000000441,-0.22015000000000001235,-0.23639199999999999102
-0.05479500000000000343,-0.18354599999999998694,0.11092899999999999983,-0.02836199999999999832,-0.10997800000000000631,0.02958699999999999872,-0.01413599999999999926,0.03979900000000000104,0.05083200000000000218,-0.11507000000000000561
-0.10798299999999999566,0.09245000000000000440,-0.03506800000000000195,-0.04072800000000000031,-0.20177000000000000490,-0.02456399999999999903,0.03368299999999999766,-0.21383800000000000030,0.08289799999999999947,-0.03834900000000000114
-0.30161799999999999722,-0.08803099999999999814,-0.23790500000000000536,0.08012500000000000178,0.11078300000000000647,-0.31559399999999998565,-0.10142299999999999927,0.09793999999999999928,0.17631700000000000150,0.19082399999999999363
0.08647699999999999831,0.05557100000000000234,0.05071300000000000113,-0.09346999999999999753,-0.02427899999999999850,0.15068200000000001038,-0.05554499999999999715,0.27502500000000001945,-0.53606299999999995620,-0.04541499999999999704
-0.12852199999999999736,-0.22946199999999999930,0.00750099999999999986,-0.20251600000000000157,0.01836899999999999991,-0.22251999999999999558,0.17003899999999999570,-0.11420199999999999796,-0.01349700000000000032,0.22095200000000000951
0.17802000000000001156,0.12590299999999998715,0.06083999999999999825,-0.05995899999999999841,-0.15460399999999999143,-0.00597400000000000014,0.15410299999999998999,0.04635999999999999843,0.15227699999999999569,-0.07098300000000000443
0.15345900000000001207,0.08677999999999999603,0.23628699999999999704,-0.32653100000000001568,0.09424799999999999844,-0.21603400000000000380,-0.01026299999999999955,0.16293699999999999850,-0.21254600000000001270,0.10915300000000000002
0.14297399999999998998,-0.08049900000000000111,0.13058300000000000463,-0.05693399999999999850,-0.14285100000000000575,-0.15203200000000000047,0.12562999999999999168,0.10062699999999999423,0.01289500000000000021,-0.04173600000000000226
0.09667900000000000105,0.05594500000000000167,0.08465799999999999714,0.10067299999999999860,-0.06606399999999999773,-0.07786999999999999478,-0.00549700000000000015,-0.03271700000000000302,0.04313999999999999779,0.09981700000000000295
0.01313100000000000031,0.11430099999999999982,0.05912599999999999800,0.01884399999999999964,-0.24387300000000000644,-0.21865799999999999126,0.12860900000000000110,0.01498099999999999953,0.00025700000000000001,-0.02730099999999999888
0.15484899999999998665,0.30938900000000002510,0.47707899999999997531,-0.15138999999999999679,0.08640200000000000657,-0.22756599999999999051,-0.05281000000000000277,0.10294200000000000572,-0.31482300000000001949,0.09939499999999999724
-0.09365700000000000414,-0.06816200000000000037,0.14845900000000000762,-0.15715100000000001290,0.03119299999999999851,0.05902400000000000008,-0.00096699999999999998,-0.25526500000000001966,0.03449100000000000082,-0.17585200000000000831
-0.57029799999999997162,-0.00090399999999999996,-0.31117400000000000615,-0.22495899999999999230,-0.32418500000000000094,0.47384900000000002018,-0.11233700000000000629,-0.41107900000000002771,0.01706200000000000078,0.11533999999999999808
-0.22643800000000000039,-0.01491699999999999970,-0.01248600000000000057,0.13059999999999999387,-0.19103400000000000936,-0.04239199999999999913,0.07277999999999999747,-0.18301000000000000600,0.03267500000000000265,-0.07144399999999999362
-0.05442299999999999915,-0.15209000000000000297,0.11649800000000000433,0.15824699999999999878,0.07691099999999999326,0.04812799999999999717,-0.09214999999999999580,0.17790500000000000758,-0.08048800000000000399,0.14767700000000000271
0.05547599999999999754,0.11972499999999999809,0.17109299999999999509,0.11333799999999999430,-0.22686999999999998834,0.01077799999999999939,0.21383699999999999930,-0.23052000000000000268,-0.12265399999999999914,-0.30132799999999998475
0.10867000000000000270,0.13708100000000000840,0.06795500000000000151,-0.30864700000000000468,-0.10122299999999999354,-0.11737100000000000311,0.33553500000000002768,0.26526399999999999979,0.12252300000000000690,-0.53415100000000004243
0.13136400000000000854,0.13149099999999999677,0.15646299999999999097,0.13894599999999998619,-0.36325099999999999056,-0.17279800000000000715,-0.21310200000000001364,0.08396000000000000685,0.00752200000000000004,-0.13657299999999999995
0.15878000000000000447,-0.49222500000000002363,0.08542600000000000193,-0.23033899999999998820,0.10325399999999999856,-0.28927799999999997960,0.13191500000000000448,0.02537700000000000025,0.18597400000000000042,0.14394000000000001238
0.17703800000000000092,0.33948099999999997722,-0.14386499999999999289,-0.11295199999999999685,0.27655999999999997252,-0.24215200000000000613,0.20208300000000001262,0.13376299999999999302,-0.10639500000000000346,-0.45926200000000000356
-0.24469899999999999984,-0.21989600000000000812,0.18802900000000000169,0.06951799999999999646,0.05419600000000000112,0.02762799999999999978,0.02882399999999999893,0.06401400000000000146,-0.14433399999999999008,0.18788299999999999446
0.28910299999999999887,0.23556299999999999462,0.14169899999999999163,-0.29641299999999998205,-0.22263299999999999756,0.06665600000000000691,0.10246600000000000152,-0.19349800000000000333,-0.35757200000000000095,0.20679900000000001059
-0.23493700000000000694,-0.00670100000000000036,0.15284500000000000863,-0.01524400000000000061,0.21099399999999998712,0.16503200000000001202,-0.24006500000000000061,0.02888100000000000042,0.01716900000000000023,0.11773000000000000131
-0.10502100000000000324,-0.04930400000000000060,0.11228299999999999392,-0.01577500000000000083,-0.07987800000000000455,-0.01644599999999999881,0.18537500000000001199,-0.16683200000000000807,0.10063600000000000323,-0.02592099999999999960
0.06152200000000000030,0.11760700000000000320,0.23772899999999999587,0.00089200000000000000,-0.24240700000000001135,0.08135299999999999476,-0.11919399999999999440,-0.26462000000000002187,-0.00160600000000000001,-0.27539799999999997615
0.10400700000000000223,0.12704599999999999227,0.08797599999999999865,-0.14097100000000001296,-0.09692099999999999327,-0.37199100000000001609,0.20036399999999998656,0.23589599999999999458,0.11132400000000000628,-0.08046699999999999686
0.01486299999999999948,-0.24072799999999999754,0.02637499999999999914,0.25701499999999999346,-0.11196100000000000496,0.21074599999999998889,0.14771200000000000996,-0.24126300000000000523,-0.38620599999999999374,0.13412099999999999023
-0.56260299999999996423,-0.21254999999999998894,-0.31970199999999998619,0.36136600000000002053,0.17470900000000000318,0.28079999999999999405,-0.56819500000000000561,-0.14294000000000001149,-0.17160300000000000553,0.05379300000000000054
0.15795699999999998631,0.06166699999999999959,-0.40572399999999997355,0.08061300000000000410,0.21080299999999999039,-0.04934000000000000191,0.22627500000000000391,0.03209999999999999659,-0.02745200000000000071,0.06011400000000000077
0.13526900000000000035,0.03166299999999999670,-0.18146399999999998642,0.02294799999999999965,0.06794300000000000339,0.16652400000000000535,0.08697399999999999576,-0.15267300000000000315,0.02740499999999999881,-0.05607999999999999791
-0.30341499999999999027,0.17172000000000001152,-0.18532699999999999174,-0.30708200000000002161,-0.38025500000000000966,0.25503700000000001369,0.12254400000000000015,0.13801199999999999579,-0.07803100000000000314,-0.03333200000000000052
0.00132500000000000001,-0.02555599999999999886,0.07398299999999999321,0.01601599999999999899,0.09969600000000000684,-0.23886999999999999900,0.10637099999999999334,-0.18784899999999998821,-0.08999100000000000155,0.16836599999999998789
-0.23117799999999999461,0.07302500000000000657,0.14440800000000000858,0.13297400000000000886,-0.25664300000000001001,0.24090600000000000902,0.12699599999999999778,0.32628299999999998970,-0.04442100000000000215,-0.46178799999999997627
-0.11389299999999999424,-0.23200599999999999001,0.14471400000000000929,-0.25057400000000001894,0.14746400000000001174,0.14667099999999999582,-0.01102500000000000008,-0.00453199999999999957,0.14342900000000000094,0.12556000000000000494
0.08738600000000000534,-0.18315100000000000824,0.06974700000000000344,0.12997800000000001019,-0.26203199999999998715,-0.13204499999999999571,-0.03479100000000000248,0.11142799999999999927,-0.16650999999999999135,0.06770600000000000229
0.12008900000000000130,-0.03664499999999999702,0.10606300000000000450,0.14255200000000001204,-0.07025599999999999901,0.05766999999999999904,-0.02453299999999999925,-0.25390400000000001857,0.17552599999999998759,0.09887799999999999367
0.05626300000000000051,-0.19330900000000000860,-0.16371800000000000241,-0.16977500000000000924,-0.00468800000000000033,-0.01092899999999999948,0.09831399999999999861,0.17495099999999999540,-0.01827399999999999858,0.07512199999999999434
0.03902499999999999719,0.14493800000000001127,0.30911800000000000388,-0.04148999999999999910,0.19031100000000000794,0.07208100000000000618,-0.15047499999999999765,0.27649299999999998878,-0.37244399999999999729,-0.34161399999999997323
0.10034700000000000564,0.10467300000000000215,0.06420499999999999818,0.05713599999999999929,-0.15550200000000000133,0.17154300000000000104,0.11106000000000000594,-0.20937500000000000555,0.15798899999999999055,0.11079500000000000459
-0.16827300000000000590,0.12520700000000001273,-0.36026599999999997515,0.22261200000000000432,0.16373199999999998866,-0.27964600000000000568,-0.08201899999999999469,-0.03194199999999999817,-0.35413099999999997358,0.14354300000000000392
-0.01709400000000000155,-0.05761499999999999955,0.36048599999999997312,-0.13122800000000001130,0.13400699999999998724,-0.64876900000000004010,-0.26901100000000000012,0.00315299999999999999,-0.10447099999999999442,0.28491800000000000459
0.15734400000000001163,-0.00161800000000000008,0.05581599999999999756,0.11087900000000000533,-0.03676800000000000207,0.02084400000000000142,0.07816399999999999737,0.02309100000000000041,0.16431200000000001360,-0.16818400000000000016
-0.05963299999999999851,-0.12989899999999998670,-0.15038499999999999091,-0.14242699999999999805,0.02643099999999999963,-0.10193900000000000183,0.08014999999999999902,0.11659600000000000519,0.02560300000000000076,0.11582399999999999640
0.19201399999999999024,-0.10765800000000000369,-0.13730800000000001337,0.05934400000000000092,-0.38363199999999997303,-0.07265000000000000624,-0.17251800000000000468,0.02713000000000000134,-0.06486100000000000199,-0.04445000000000000340
-0.19411000000000000476,-0.00491099999999999957,-0.36670999999999998042,-0.26331300000000001926,-0.16515799999999999925,0.18528300000000000325,0.08394999999999999685,0.04545699999999999741,-0.02105100000000000027,0.21124200000000001309
-0.13711999999999999189,-0.07700600000000000500,-0.07236800000000000177,0.02789200000000000013,-0.05228000000000000008,-0.11138399999999999690,0.09928399999999999725,-0.13659499999999999420,0.17272399999999998865,-0.08166299999999999948
0.05650000000000000161,0.05920899999999999774,-0.18009200000000000208,0.25047399999999997444,0.01694500000000000173,-0.20882899999999998686,0.17305100000000001037,0.37272399999999999975,-0.28275499999999997858,-0.28794599999999997975
-0.13674800000000000844,-0.34428999999999998494,0.10621700000000000585,0.14412300000000000111,-0.23142199999999998883,0.10347499999999999754,0.20191100000000000714,0.39839000000000002188,0.15289900000000000713,-0.29485699999999998022
0.06843799999999999883,0.01100100000000000036,0.08503199999999999648,0.10507900000000000573,-0.33718700000000001449,0.18411800000000000388,-0.03839800000000000157,0.19824900000000000855,-0.15058900000000000063,-0.14968000000000000749
-0.19265499999999999292,0.03180800000000000294,0.19337299999999998934,0.10083999999999999908,0.13916799999999998616,-0.01415800000000000045,0.05934400000000000092,-0.03873999999999999666,-0.23315600000000000214,-0.34311799999999997857
0.04379399999999999959,-0.12756899999999998796,-0.49400199999999999667,-0.08930200000000000637,0.24071699999999998654,-0.01277900000000000043,0.01079800000000000031,-0.06665300000000000391,-0.06769100000000000117,0.21231200000000000072
-0.16663100000000000134,-0.23826300000000000257,0.15661800000000000721,0.17556800000000000184,-0.01126599999999999997,0.00283700000000000011,0.06511100000000000221,0.08614199999999999635,0.01156399999999999963,0.14359399999999999942
-0.26221899999999997988,0.11050400000000000500,0.01486700000000000001,0.25106299999999998063,0.10305400000000000671,-0.02132300000000000167,0.02164500000000000104,0.17889900000000000246,-0.17060200000000000364,-0.40466000000000001968
-0.15809799999999998854,0.02829399999999999971,0.03321000000000000341,-0.16692299999999998805,-0.17566000000000001058,0.11839199999999999724,0.18326400000000001023,0.06461999999999999689,0.11117699999999999805,-0.00739699999999999993
0.04472799999999999693,-0.26494000000000000883,0.10178299999999999847,0.07846899999999999709,-0.11181399999999999673,0.06438399999999999679,-0.12516599999999999948,0.15942500000000001115,0.01228399999999999978,0.05407200000000000201
-0.08164899999999999936,0.04323500000000000260,-0.07095799999999999330,0.15864400000000000723,-0.17077400000000000913,-0.12752900000000000347,-0.14452499999999998681,0.00229100000000000007,0.15901899999999999369,0.01168399999999999994
-0.07743300000000000183,-0.05663300000000000278,-0.11581900000000000528,-0.32011099999999997889,-0.12243199999999999916,-0.08579900000000000027,0.13370099999999998652,-0.19557399999999999785,-0.24580199999999999272,0.25984699999999999465
-0.15898599999999998844,0.10195899999999999408,0.14072799999999999199,-0.21742000000000000215,-0.00572600000000000019,0.14687700000000000755,0.11001700000000000368,0.13489499999999998714,0.15050099999999999589,-0.26420399999999999441
0.33716800000000002324,0.04180799999999999794,0.25459500000000001574,-0.14377300000000001190,-0.24090800000000001102,-0.25889299999999998425,-0.18851599999999998913,-0.01727700000000000069,-0.02583799999999999986,0.28446300000000002139
-0.00833399999999999939,0.17844999999999999751,0.25851499999999999480,-0.40754400000000001736,-0.09793699999999999628,0.21773200000000000887,-0.24814900000000000846,0.22136500000000000621,-0.13656599999999999295,0.27772700000000000164
-0.13192100000000001048,-0.12446999999999999731,-0.01076900000000000079,-0.18607299999999998841,0.12063500000000000612,0.03791300000000000225,0.12675900000000001056,0.06560399999999999565,0.17300899999999999612,0.07225199999999999678
-0.24293699999999998629,-0.04759300000000000336,-0.06670299999999999840,-0.12624499999999999611,0.13864099999999998647,0.01774500000000000036,-0.46047399999999999443,0.14512200000000000100,-0.14326500000000000346,0.07820799999999999974
-0.23779800000000000937,-0.43628099999999997438,0.10579700000000000215,0.38568799999999997530,-0.03838899999999999951,0.15645600000000001173,-0.27274100000000001121,0.13341600000000000681,-0.15648899999999998922,0.14661199999999999233
-0.14446800000000001307,-0.01933500000000000149,-0.04331800000000000234,0.00248299999999999996,-0.08205500000000000294,-0.01004400000000000084,-0.16951499999999999901,0.10315799999999999970,-0.14131299999999999417,-0.04742999999999999994
0.19573299999999999033,-0.23073599999999999666,-0.01530100000000000036,0.05638499999999999762,0.14876300000000000634,-0.36686299999999999466,0.06077599999999999669,0.12740699999999999248,-0.17912000000000000144,0.16606499999999999040
-0.14284800000000000275,-0.20347899999999999321,-0.02281199999999999894,0.16377200000000000091,-0.00426400000000000043,0.19665799999999999947,-0.33089099999999999069,-0.01059900000000000078,0.13487299999999999289,0.05841299999999999965
0.06332699999999999441,-0.02930699999999999972,-0.08545700000000000518,-0.03414500000000000174,0.12503300000000000525,-0.08041399999999999937,-0.03836200000000000027,-0.12531000000000000472,0.12700500000000000678,0.04315100000000000185
-0.00996999999999999970,-0.01298200000000000048,-0.01296800000000000036,-0.02158500000000000002,-0.35585899999999998089,-0.09765500000000000569,-0.13506899999999999462,-0.03939499999999999946,-0.06620700000000000196,-0.21753900000000001014
-0.25417600000000001303,-0.18795100000000000695,-0.21711500000000000243,0.13801199999999999579,0.13634799999999999698,0.04400199999999999945,-0.05388899999999999940,0.16551799999999999846,0.04480599999999999861,-0.07915700000000000514
0.21046200000000001018,0.12282400000000000262,0.22745399999999998952,0.18649399999999999311,-0.05341900000000000120,0.04729699999999999876,-0.27973100000000000742,-0.22220400000000001262,-0.28403000000000000469,0.14150499999999999190
-0.04562200000000000283,0.19748899999999999788,-0.05177099999999999758,-0.01856199999999999864,0.12462499999999999967,0.20867900000000000338,-0.27139400000000002411,0.12703500000000000902,-0.23979000000000000314,0.19226299999999998946
-0.30847700000000000120,0.15939400000000000790,-0.06370699999999999974,-0.09538900000000000157,0.14437200000000000033,-0.10853400000000000547,-0.17566200000000001258,0.02721700000000000161,0.15864400000000000723,-0.16098000000000001197
0.03243499999999999855,0.17371300000000000630,0.07104100000000000692,0.18345000000000000195,-0.07955900000000000472,0.12927900000000000502,0.01052100000000000084,0.03790799999999999725,-0.16158400000000000540,-0.20797899999999999721
-0.07392700000000000660,0.09431299999999999406,-0.30790400000000001102,0.10575299999999999978,0.08618900000000000172,-0.01154900000000000024,-0.32937600000000000211,0.01167999999999999941,-0.06412199999999999844,0.16709199999999999053
-0.12866700000000000359,-0.18977499999999999925,0.01689500000000000030,-0.03589300000000000129,0.00150800000000000001,0.12366099999999999315,0.14336899999999999644,-0.22138199999999999545,0.15719199999999999839,-0.15928000000000000491
-0.14694299999999999029,0.17296800000000001063,0.07940700000000000536,0.17921999999999999043,0.20369599999999998818,-0.45698899999999997856,-0.25887399999999999300,0.06400400000000000533,0.01497000000000000067,0.02262700000000000128
0.07924299999999999400,-0.21177799999999999403,0.10949799999999999811,0.16698299999999999255,0.05759299999999999836,-0.42660999999999998922,0.07480000000000000537,0.12009999999999999842,0.05212399999999999672,0.06009500000000000258
-0.12965899999999999648,0.18667600000000000859,0.18766800000000000148,0.28915200000000002012,-0.14124200000000000643,-0.32047999999999998710,-0.05887099999999999972,0.28314299999999997803,-0.36489399999999999613,-0.40051500000000000989
0.15402099999999999125,0.29711999999999999522,-0.20057300000000000129,-0.10528700000000000558,0.09061800000000000410,0.07097599999999999743,0.07041400000000000436,0.08692400000000000126,-0.21868599999999999151,-0.12543599999999999195
0.03966399999999999787,-0.19781999999999999584,-0.04519499999999999906,0.05054399999999999865,0.06343000000000000027,0.11229400000000000492,-0.14676000000000000156,0.09627800000000000247,0.15020300000000000318,0.00348199999999999985
-0.38465899999999997316,0.13926399999999999890,0.39819999999999999840,-0.31167699999999998184,0.14689800000000000080,-0.19109999999999999210,-0.05186000000000000332,0.33558500000000002217,0.22176699999999999191,-0.44219799999999997997
0.12322500000000000120,-0.09532499999999999307,-0.03058800000000000061,0.12287700000000000011,0.06822200000000000486,-0.14536899999999999822,0.12506800000000001249,-0.09184299999999999409,0.13226899999999999769,-0.02333299999999999957
0.06251700000000000312,-0.09256699999999999651,-0.08287799999999999334,0.07529099999999999682,-0.03268599999999999978,-0.09810900000000000176,-0.10003299999999999692,-0.12519199999999999773,0.11872399999999999620,0.16177500000000000213
-0.26606000000000001871,-0.27807300000000001461,0.29187999999999997280,0.11195700000000000096,-0.20370699999999999918,0.10439199999999999868,0.08896300000000000041,0.00374500000000000006,0.04402999999999999969,-0.13928399999999999115
0.03003700000000000120,0.13887299999999999645,-0.19329199999999999160,0.06199199999999999849,-0.06476500000000000312,-0.00689000000000000029,-0.19432399999999999674,0.10937900000000000400,-0.19955600000000001115,0.18081400000000000250
0.06707299999999999374,-0.06605999999999999373,-0.21725600000000000467,0.11380400000000000238,-0.30158800000000002273,0.25228299999999997949,0.17313100000000000711,0.23810899999999998733,-0.24574199999999998822,-0.23070699999999999541
0.08367499999999999938,0.09839799999999999935,-0.09363499999999999601,0.10716299999999999437,0.15911600000000000743,-0.31341900000000000315,-0.29971799999999998443,0.22383600000000000718,0.10482600000000000251,0.06287700000000000233
-0.09077000000000000346,-0.04715099999999999847,0.02989500000000000143,-0.01318100000000000001,-0.02639000000000000026,-0.10669399999999999717,0.00180600000000000010,-0.04110500000000000265,0.07710500000000000687,0.07575300000000000089
0.17057300000000000240,-0.15598400000000001153,-0.25131500000000001060,-0.27864800000000000679,-0.07047399999999999498,-0.05487899999999999723,0.25667000000000000925,0.16695399999999999130,-0.02113699999999999954,0.20275599999999999179
0.16533600000000001073,0.00540700000000000035,0.03102500000000000049,-0.16674800000000000733,-0.14897900000000000031,-0.06302900000000000169,0.15194299999999999473,0.22052599999999999980,-0.09965100000000000346,-0.02203199999999999950
-0.04048000000000000209,0.17170900000000000052,-0.37848900000000001986,-0.45078699999999999326,0.11347899999999999654,0.04379099999999999659,0.34836299999999997823,-0.09500500000000000611,-0.14462500000000000355,-0.15335399999999999032
-0.04327500000000000097,-0.20525699999999999501,-0.27800300000000000011,0.15208900000000000197,-0.25879900000000000126,0.09481100000000000638,0.23489799999999999569,-0.30133199999999998875,0.16577900000000000968,0.10676700000000000079
-0.29049099999999999921,0.11545900000000000607,0.02003699999999999926,0.12033199999999999452,0.16317300000000001248,0.03921100000000000280,-0.37910199999999999454,-0.07953399999999999359,0.07384000000000000286,0.08275200000000000611
0.11192699999999999871,-0.04773700000000000165,0.00608400000000000000,-0.13436899999999998845,0.07343099999999999627,-0.04321400000000000241,-0.13774500000000000632,0.21158099999999999130,-0.23979300000000000614,0.10709699999999999775
-0.16755000000000000449,0.17354300000000000281,-0.05534100000000000130,-0.19265299999999999092,0.12943999999999999950,-0.14965400000000000924,-0.19875000000000000999,-0.04371900000000000092,0.11242000000000000604,-0.05162400000000000322
0.17113400000000000833,-0.15649099999999999122,0.13268699999999999939,0.05155599999999999766,-0.05511900000000000133,-0.03502299999999999858,0.03469400000000000261,-0.06174700000000000327,0.13019400000000000417,0.11476100000000000190
0.01551699999999999954,-0.01306500000000000022,0.07587399999999999700,0.11993600000000000094,0.13811399999999998678,-0.11772599999999999731,-0.30498100000000000209,-0.08352999999999999314,0.14228299999999999281,0.13838200000000000500
0.09123000000000000553,-0.01978800000000000003,0.04553399999999999809,-0.09950900000000000023,0.06197799999999999837,-0.29288500000000000645,0.10083599999999999508,0.19858899999999998776,-0.29244599999999998374,-0.11022600000000000453
0.19799500000000000433,-0.18408299999999999663,-0.06421200000000000518,-0.22572300000000000697,-0.16447300000000000808,0.17478199999999999292,0.29001900000000002677,-0.05678699999999999720,0.05022499999999999881,0.05813900000000000318
0.21533099999999999463,-0.14605000000000001315,0.20618200000000000416,-0.07984199999999999631,-0.28476699999999999235,0.38368099999999999428,-0.19562599999999999434,-0.16435600000000000209,-0.09053700000000000636,-0.10876399999999999957
-0.00564599999999999998,0.43133399999999999519,-0.27593499999999998584,-0.03438999999999999696,-0.32963199999999998058,0.24996899999999999675,0.12086800000000000321,0.01174700000000000050,-0.31745899999999999119,0.05951800000000000146
-0.01672200000000000075,-0.17926700000000000967,-0.04551299999999999790,0.14035900000000001153,0.03168499999999999789,-0.04920599999999999974,0.03014700000000000019,0.12134899999999999853,-0.01393199999999999994,-0.12405700000000000061
0.01722100000000000020,0.26319199999999998152,0.18235199999999998632,-0.21457599999999998897,0.09747300000000000408,-0.31986799999999998567,-0.23760100000000000664,-0.09793100000000000416,-0.00901399999999999944,0.08357599999999999751
0.13919799999999998841,-0.20091100000000000625,-0.08734899999999999609,0.06367799999999999849,0.04292599999999999888,0.08691000000000000114,0.09455800000000000316,-0.18187300000000000688,0.17664499999999999647,0.10701299999999999701
-0.04253699999999999842,-0.12986100000000000421,0.11537500000000000533,-0.02599100000000000021,-0.13361100000000000754,0.34211099999999999843,0.01380499999999999956,-0.01826600000000000099,-0.21011799999999999922,-0.42177700000000001301
0.08739900000000000446,-0.23874699999999998701,0.17218600000000000572,-0.19493699999999999917,0.08265200000000000324,0.13921400000000000441,0.05286699999999999733,-0.20491799999999998905,-0.04868800000000000211,-0.03905000000000000138
0.11637799999999999534,-0.11608000000000000262,0.12316599999999999770,0.14737900000000001000,-0.13756099999999998884,-0.16811499999999998667,-0.13993900000000000783,-0.01927800000000000000,-0.31160500000000002085,0.20394300000000001316
-0.12251299999999999690,0.12778800000000001269,-0.05800199999999999800,0.06935499999999999998,0.00972600000000000027,-0.09381499999999999562,-0.34200500000000000345,0.12068199999999999761,0.10846699999999999398,0.17176299999999999901
0.26739400000000002056,-0.09121300000000000241,0.23409499999999999753,-0.33565899999999998515,0.12519199999999999773,-0.46551500000000001211,-0.00050900000000000001,0.23730899999999999217,0.18564800000000000746,-0.01581700000000000120
-0.22550999999999998824,0.15252099999999998992,0.10667400000000000493,-0.26258700000000001484,-0.12053800000000000625,-0.02378600000000000159,0.06361200000000000188,0.14981800000000000672,0.19171799999999999953,0.09448099999999999554
0.06692499999999999838,-0.23998900000000000787,0.12174500000000000599,-0.16472700000000001230,0.04646200000000000330,0.00635300000000000014,-0.12690599999999999103,0.05530899999999999705,-0.04554600000000000315,0.16553599999999998871
0.00206099999999999990,-0.19073100000000001164,-0.06664399999999999491,0.15089400000000000035,-0.14883899999999999908,0.15890000000000001346,-0.05343300000000000133,0.14607600000000001139,0.11259199999999999764,0.04360699999999999993
0.04667899999999999827,-0.20573800000000000421,-0.17786199999999999233,0.06165099999999999747,-0.03607099999999999890,0.09160899999999999599,0.15413399999999999324,0.05752499999999999974,0.03081400000000000111,0.12267400000000000526
-0.09476900000000000601,0.14401900000000000812,-0.09897200000000000442,-0.30141200000000001324,0.25302999999999997716,0.03975800000000000167,0.05745399999999999813,0.11413900000000000434,-0.02273100000000000120,0.06167099999999999665
0.08731200000000000072,-0.32514599999999999058,-0.16292599999999998750,-0.21170700000000000629,-0.17348299999999999832,0.27759000000000000341,-0.29455300000000000926,0.16601299999999999391,0.07017600000000000227,0.15877299999999999747
-0.01026700000000000008,0.19635700000000000376,-0.07938099999999999323,0.00605499999999999962,0.38944699999999998763,0.18371699999999999142,-0.00952899999999999928,-0.07614899999999999447,-0.23805899999999999284,-0.10546500000000000319
-0.26882699999999998264,0.16228600000000001358,-0.11854599999999999860,-0.09640899999999999470,0.15526599999999998736,0.02957699999999999912,0.02420200000000000129,-0.16214500000000001134,0.11588099999999999790,0.01006699999999999956
-0.13015799999999999592,-0.06959300000000000208,0.25330300000000000038,-0.18580499999999999794,0.16318199999999999372,0.01481400000000000078,0.03757900000000000129,-0.21822500000000000231,-0.29675000000000001377,0.10671500000000000430
-0.14427300000000001234,-0.17397999999999999576,0.35302800000000000846,-0.13878599999999999270,-0.20873500000000000387,0.44343799999999999883,-0.40227000000000001645,0.41102199999999999847,-0.38880700000000001371,-0.29738300000000000844
0.01679399999999999990,-0.00841699999999999914,0.07803899999999999726,0.07728300000000000447,-0.16552700000000000746,0.16036500000000000754,0.09854000000000000259,0.09171999999999999598,0.15274399999999999089,0.01324099999999999930
-0.10506200000000000261,0.03880900000000000322,0.08755000000000000282,0.13433400000000000896,-0.12390500000000000125,0.08464099999999999402,-0.04449999999999999789,-0.20350899999999999546,0.05031499999999999861,-0.15905800000000000494
0.11933499999999999663,-0.21854100000000001303,-0.16502700000000000702,-0.21920100000000000695,0.05268899999999999972,0.07614300000000000235,0.16120000000000000995,0.11156900000000000150,-0.07127899999999999514,0.03363300000000000317
-0.26100400000000001377,0.15699299999999999367,-0.01801099999999999923,0.32502700000000001035,0.12845699999999998786,-0.04530800000000000105,-0.39051900000000000501,-0.17651500000000000523,-0.35432799999999997631,0.11313099999999999545
0.08779199999999999504,-0.33566800000000002191,0.04021099999999999675,0.06373600000000000099,-0.06265500000000000236,0.08460600000000000065,-0.22384899999999999243,0.08831999999999999573,0.13874200000000000421,0.08233500000000000540
0.08472399999999999376,0.07099999999999999367,-0.08843900000000000372,-0.12207099999999999895,-0.09405299999999999772,0.01472799999999999977,-0.07931199999999999362,-0.06331900000000000028,-0.11748500000000000609,-0.03777200000000000002
-0.06349000000000000477,0.27715499999999998471,-0.13605100000000000526,0.00214199999999999981,0.50500999999999995893,-0.46930600000000000094,-0.11992400000000000282,0.21718999999999999417,0.02337099999999999941,-0.24145300000000000096
-0.09495299999999999574,-0.08152800000000000324,-0.34406900000000001372,0.18508900000000000352,-0.09491900000000000337,0.11688800000000000578,0.11289499999999999535,-0.01433099999999999999,0.06061699999999999727,-0.09521300000000000596
0.00255000000000000018,-0.10488000000000000100,0.44043500000000002093,-0.07422099999999999531,-0.18459900000000001308,0.14123399999999999843,-0.37265999999999999126,-0.13600799999999999002,-0.02935499999999999915,-0.66492600000000001703
0.05899200000000000277,0.16514799999999998925,0.06729200000000000459,0.12295100000000000473,-0.32623200000000002197,0.04120299999999999657,-0.20505499999999998728,0.10056900000000000561,-0.01532099999999999955,-0.12458099999999999730
0.14760200000000001097,-0.26473999999999997534,0.02702799999999999994,-0.00445900000000000029,-0.13015099999999998892,0.14199200000000000710,-0.20732900000000001328,0.08117800000000000016,-0.06942099999999999660,0.09597500000000000475
0.19973199999999999288,-0.26409500000000002418,-0.18036099999999999355,-0.04530100000000000099,0.06436600000000000654,-0.05908800000000000163,0.19849500000000000477,-0.14736799999999999899,-0.04221099999999999852,0.04637899999999999662
0.14445800000000000307,-0.14644999999999999685,0.13546300000000000008,0.05786000000000000171,0.03658800000000000247,0.09608899999999999386,0.16125400000000000844,-0.31355300000000002614,-0.00092900000000000003,0.12264799999999999314
0.06526300000000000157,-0.26945999999999997732,0.08597899999999999987,0.07205100000000000393,-0.09120399999999999341,-0.00504299999999999974,-0.23418900000000000827,0.00010300000000000000,-0.02008899999999999922,0.13705600000000001115
-0.22429099999999999038,0.07374600000000000599,0.16387299999999999089,-0.07742599999999999483,0.11164799999999999724,-0.10066200000000000148,-0.18867200000000000637,0.11345600000000000129,0.03882200000000000234,-0.58851799999999998558
-0.13519300000000000761,0.13544600000000001083,-0.02220400000000000151,0.03228700000000000320,0.09038899999999999713,-0.13267899999999999139,0.00965899999999999918,0.16647700000000001386,0.13449700000000000544,0.02609900000000000067
0.01121600000000000028,-0.13732099999999999862,0.06376300000000000023,-0.30148799999999997823,0.17459299999999999820,0.00337300000000000013,0.16777900000000001146,-0.22400400000000000866,0.24885499999999999288,-0.09797000000000000153
0.10830499999999999849,0.27934599999999998321,-0.46258300000000002195,-0.33753499999999997394,0.02854399999999999993,0.18187800000000001188,-0.14350599999999999468,0.20811599999999999544,-0.46039200000000002344,0.20979100000000000525
-0.13483200000000000740,0.06367299999999999349,0.05896499999999999658,-0.36637199999999997546,0.18311900000000000399,-0.02774000000000000077,0.17716399999999998816,0.13824300000000000477,-0.02765099999999999850,-0.16501099999999999102
-0.04052800000000000152,-0.23654900000000000926,-0.09580800000000000427,-0.12720100000000000851,-0.01914700000000000082,-0.18035300000000001330,0.06680899999999999339,-0.29503099999999998770,0.16465599999999999681,-0.09930899999999999450
-0.00548300000000000003,0.00855599999999999937,-0.21720999999999998642,-0.13923499999999999766,-0.07631599999999999495,-0.05506699999999999789,-0.31257000000000001450,-0.00980900000000000001,-0.11240600000000000591,0.11487999999999999601
0.03915099999999999830,-0.20650399999999999312,-0.19825200000000001155,-0.13361600000000001254,-0.01410199999999999995,0.02090499999999999997,0.02509099999999999872,-0.10091600000000000570,-0.03545100000000000334,0.11663500000000000256
0.05112900000000000084,-0.28079500000000001680,-0.01428399999999999982,-0.22314999999999998725,-0.03783199999999999757,-0.18785799999999999721,-0.12841099999999999737,-0.23921700000000001296,0.32355499999999998151,0.05353200000000000319
-0.12385599999999999388,0.01913700000000000123,-0.04174100000000000033,-0.14055300000000001126,0.12686800000000000854,-0.13872399999999998621,0.14297299999999998898,-0.09224400000000000654,0.11014799999999999591,0.08427800000000000569
0.14855199999999998961,0.01172699999999999958,0.11284500000000000086,0.10860000000000000209,-0.19086700000000000887,0.11926200000000000689,-0.09684800000000000353,-0.15295900000000001162,0.06572000000000000064,0.05757400000000000018
0.13361400000000001054,-0.07473499999999999588,-0.12844200000000000061,-0.03125700000000000006,0.04925199999999999717,0.10387899999999999912,0.09768899999999999806,-0.12847500000000000586,-0.09774299999999999655,-0.06666900000000000603
-0.26412400000000002542,-0.15529100000000001236,0.32898300000000002541,-0.08301300000000000345,0.28704499999999999460,-0.15759899999999998910,-0.22187000000000001165,-0.00465699999999999968,-0.00268300000000000005,-0.20258999999999999231
0.03031100000000000114,-0.23322100000000001163,-0.09655900000000000594,0.10445100000000000218,0.06829499999999999460,0.08792300000000000115,0.11598100000000000076,-0.07581100000000000338,0.13396099999999999675,-0.07673800000000000066
0.01615199999999999969,0.41746100000000002650,-0.36676599999999998092,-0.09657899999999999818,0.48364899999999999558,-0.04465000000000000219,0.08982500000000000207,-0.10507900000000000573,-0.28780600000000000627,-0.47413699999999997514
-0.29849700000000001232,0.31606400000000001160,0.08082799999999999707,-0.07415700000000000069,-0.02156599999999999837,-0.17564899999999999958,-0.13627800000000001024,-0.24461600000000000010,-0.16966300000000000825,0.03678399999999999725
0.11727200000000000124,-0.20634500000000000064,0.11046000000000000263,-0.01392700000000000014,0.14311799999999999522,0.11316800000000000470,0.00017000000000000001,0.01463300000000000017,0.07904600000000000515,0.12285899999999999599
0.16367499999999998717,0.24257699999999998708,-0.07474400000000000488,-0.04483199999999999685,0.16599300000000000166,-0.12497800000000000575,-0.13194800000000000972,0.08964199999999999946,0.10096900000000000319,-0.04551600000000000090
0.13994500000000001383,-0.18422299999999999787,0.02890699999999999867,-0.07902700000000000002,0.10764200000000000157,-0.02454100000000000031,-0.21257000000000000894,0.13998499999999999832,0.09754100000000000270,0.07305399999999999394
-0.13071099999999999386,0.06312399999999999956,0.16345899999999999319,0.27554099999999998039,0.24365500000000001046,-0.55076000000000002732,-0.10631799999999999584,-0.11442900000000000293,-0.07953399999999999359,-0.22454599999999999560
-0.22557399999999999674,0.03495499999999999996,-0.12557599999999999318,0.16033300000000000329,-0.25162099999999998357,-0.19531000000000001138,0.25325799999999998313,0.22171599999999999642,-0.16194200000000000261,0.01770199999999999899
